report_id,report_date,technician_id,technician_name,equipment_id,equipment_name,equipment_type,maintenance_category,issue_type,priority,location,downtime_hours,repair_cost,technician_notes,source_system,source_dataset,source_record_id,is_synthetic,is_augmented,licence,ingestion_timestamp,schema_version
REP001,2025-04-25,TECH001,John Smith,EQ006,Forklift F3,Forklift,Diesel,Hydraulic Leak,Low,Auckland,7.3,255.74,Inspection of Forklift F3 identified Hydraulic Leak. Tightened loose fittings and completed a pressure test. Review the issue during the next preventive maintenance service.,maintmind_generator,maintmind_synthetic_v1,REP001,True,False,CC0-1.0,2026-07-21T00:00:00Z,1.0.0
REP002,2025-10-15,TECH002,Sarah Wilson,EQ001,CAT320 Excavator,Excavator,Diesel,Bearing Wear,Critical,Hamilton,5.7,1463.13,Inspection of CAT320 Excavator identified Bearing Wear. Removed the damaged bearing and installed a replacement. Inspect related components for similar wear.,maintmind_generator,maintmind_synthetic_v1,REP002,True,False,CC0-1.0,2026-07-21T00:00:00Z,1.0.0
REP003,2025-03-21,TECH002,Sarah Wilson,EQ001,CAT320 Excavator,Excavator,Diesel,Safety Concern,High,Auckland,1.6,573.91,Technician attended CAT320 Excavator following a reported Safety Concern. Replaced the damaged safety guard. Equipment was tested before returning to service. Review the issue during the next preventive maintenance service.,maintmind_generator,maintmind_synthetic_v1,REP003,True,False,CC0-1.0,2026-07-21T00:00:00Z,1.0.0
REP004,2025-03-05,TECH005,Emma Johnson,EQ003,Hitachi ZX200,Excavator,Inspection,Electrical Fault,Low,Tauranga,10.0,3130.75,Electrical Fault was detected during maintenance of Hitachi ZX200. Repaired damaged wiring and tested the electrical circuit. Operational checks were completed successfully. No further action is required unless the issue returns.,maintmind_generator,maintmind_synthetic_v1,REP004,True,False,CC0-1.0,2026-07-21T00:00:00Z,1.0.0
REP005,2025-12-05,TECH005,Emma Johnson,EQ003,Hitachi ZX200,Excavator,Diesel,Bearing Wear,High,Auckland,10.3,4345.77,Inspection of Hitachi ZX200 identified Bearing Wear. Removed the damaged bearing and installed a replacement. Monitor the equipment during the next operating shift.,maintmind_generator,maintmind_synthetic_v1,REP005,True,False,CC0-1.0,2026-07-21T00:00:00Z,1.0.0
REP006,2025-07-09,TECH003,Mike Brown,EQ004,Hydraulic Press A,Hydraulic System,Electrical,Pressure Loss,Medium,Tauranga,8.6,3449.38,Inspection of Hydraulic Press A identified Pressure Loss. Inspected the system for leaks and restored operating pressure. Review the issue during the next preventive maintenance service.,maintmind_generator,maintmind_synthetic_v1,REP006,True,False,CC0-1.0,2026-07-21T00:00:00Z,1.0.0
REP007,2025-05-06,TECH005,Emma Johnson,EQ001,CAT320 Excavator,Excavator,Diesel,Safety Concern,Critical,Wellington,3.6,4634.42,Safety Concern was detected during maintenance of CAT320 Excavator. Secured the unsafe component and completed a safety inspection. Operational checks were completed successfully. Inspect related components for similar wear.,maintmind_generator,maintmind_synthetic_v1,REP007,True,False,CC0-1.0,2026-07-21T00:00:00Z,1.0.0
REP008,2025-04-28,TECH005,Emma Johnson,EQ006,Forklift F3,Forklift,Hydraulic,Bearing Wear,High,Wellington,3.6,1133.82,Inspection of Forklift F3 identified Bearing Wear. Removed the damaged bearing and installed a replacement. Review the issue during the next preventive maintenance service.,maintmind_generator,maintmind_synthetic_v1,REP008,True,False,CC0-1.0,2026-07-21T00:00:00Z,1.0.0
REP009,2025-11-26,TECH003,Mike Brown,EQ005,Generator G1,Generator,Inspection,Bearing Wear,Medium,Tauranga,2.1,3750.45,Technician attended Generator G1 following a reported Bearing Wear. Removed the damaged bearing and installed a replacement. Equipment was tested before returning to service. No further action is required unless the issue returns.,maintmind_generator,maintmind_synthetic_v1,REP009,True,False,CC0-1.0,2026-07-21T00:00:00Z,1.0.0
REP010,2025-07-24,TECH003,Mike Brown,EQ005,Generator G1,Generator,Electrical,Safety Concern,Medium,Hamilton,6.4,545.46,Safety Concern was detected during maintenance of Generator G1. Isolated the equipment and corrected the identified hazard. Operational checks were completed successfully. No further action is required unless the issue returns.,maintmind_generator,maintmind_synthetic_v1,REP010,True,False,CC0-1.0,2026-07-21T00:00:00Z,1.0.0
REP011,2025-08-05,TECH001,John Smith,EQ001,CAT320 Excavator,Excavator,Fabrication,Bearing Wear,Low,Wellington,4.9,4980.99,Bearing Wear was detected during maintenance of CAT320 Excavator. Removed the damaged bearing and installed a replacement. Operational checks were completed successfully. Schedule a follow-up inspection within two weeks.,maintmind_generator,maintmind_synthetic_v1,REP011,True,False,CC0-1.0,2026-07-21T00:00:00Z,1.0.0
REP012,2025-10-02,TECH003,Mike Brown,EQ005,Generator G1,Generator,Electrical,Overheating,High,Auckland,3.9,874.97,Overheating was detected during maintenance of Generator G1. Cleaned the cooling system and checked coolant levels. Operational checks were completed successfully. Monitor the equipment during the next operating shift.,maintmind_generator,maintmind_synthetic_v1,REP012,True,False,CC0-1.0,2026-07-21T00:00:00Z,1.0.0
REP013,2025-11-17,TECH003,Mike Brown,EQ001,CAT320 Excavator,Excavator,Electrical,Overheating,Medium,Hamilton,4.8,891.59,Inspection of CAT320 Excavator identified Overheating. Cleaned the cooling system and checked coolant levels. Inspect related components for similar wear.,maintmind_generator,maintmind_synthetic_v1,REP013,True,False,CC0-1.0,2026-07-21T00:00:00Z,1.0.0
REP014,2025-02-27,TECH001,John Smith,EQ005,Generator G1,Generator,Electrical,Overheating,High,Hamilton,1.2,4402.25,Inspection of Generator G1 identified Overheating. Replaced the damaged cooling fan. No further action is required unless the issue returns.,maintmind_generator,maintmind_synthetic_v1,REP014,True,False,CC0-1.0,2026-07-21T00:00:00Z,1.0.0
REP015,2025-03-06,TECH001,John Smith,EQ001,CAT320 Excavator,Excavator,Diesel,Safety Concern,Critical,Hamilton,3.5,4374.92,Safety Concern was detected during maintenance of CAT320 Excavator. Replaced the damaged safety guard. Operational checks were completed successfully. Monitor the equipment during the next operating shift.,maintmind_generator,maintmind_synthetic_v1,REP015,True,False,CC0-1.0,2026-07-21T00:00:00Z,1.0.0
REP016,2025-06-09,TECH002,Sarah Wilson,EQ004,Hydraulic Press A,Hydraulic System,Inspection,Overheating,High,Wellington,10.8,2312.28,Overheating was detected during maintenance of Hydraulic Press A. Cleared blocked ventilation and tested operating temperature. Operational checks were completed successfully. Schedule a follow-up inspection within two weeks.,maintmind_generator,maintmind_synthetic_v1,REP016,True,False,CC0-1.0,2026-07-21T00:00:00Z,1.0.0
REP017,2025-10-11,TECH002,Sarah Wilson,EQ002,Komatsu D65,Bulldozer,Diesel,Hydraulic Leak,Medium,Auckland,1.3,3192.4,Hydraulic Leak was detected during maintenance of Komatsu D65. Replaced the leaking seal and cleaned the affected area. Operational checks were completed successfully. Monitor the equipment during the next operating shift.,maintmind_generator,maintmind_synthetic_v1,REP017,True,False,CC0-1.0,2026-07-21T00:00:00Z,1.0.0
REP018,2025-05-02,TECH001,John Smith,EQ002,Komatsu D65,Bulldozer,Electrical,Hydraulic Leak,Critical,Hamilton,6.7,3644.43,Hydraulic Leak was detected during maintenance of Komatsu D65. Replaced the leaking seal and cleaned the affected area. Operational checks were completed successfully. Monitor the equipment during the next operating shift.,maintmind_generator,maintmind_synthetic_v1,REP018,True,False,CC0-1.0,2026-07-21T00:00:00Z,1.0.0
REP019,2025-04-08,TECH005,Emma Johnson,EQ005,Generator G1,Generator,Hydraulic,Pressure Loss,Low,Wellington,4.6,2114.4,Technician attended Generator G1 following a reported Pressure Loss. Adjusted the pressure regulator and tested system pressure. Equipment was tested before returning to service. No further action is required unless the issue returns.,maintmind_generator,maintmind_synthetic_v1,REP019,True,False,CC0-1.0,2026-07-21T00:00:00Z,1.0.0
REP020,2025-07-26,TECH001,John Smith,EQ006,Forklift F3,Forklift,Preventive Maintenance,Safety Concern,High,Auckland,3.4,1032.02,Inspection of Forklift F3 identified Safety Concern. Isolated the equipment and corrected the identified hazard. Monitor the equipment during the next operating shift.,maintmind_generator,maintmind_synthetic_v1,REP020,True,False,CC0-1.0,2026-07-21T00:00:00Z,1.0.0
REP021,2025-05-08,TECH002,Sarah Wilson,EQ004,Hydraulic Press A,Hydraulic System,Hydraulic,Pressure Loss,Critical,Auckland,1.1,4996.48,Technician attended Hydraulic Press A following a reported Pressure Loss. Adjusted the pressure regulator and tested system pressure. Equipment was tested before returning to service. Review the issue during the next preventive maintenance service.,maintmind_generator,maintmind_synthetic_v1,REP021,True,False,CC0-1.0,2026-07-21T00:00:00Z,1.0.0
REP022,2025-09-04,TECH001,John Smith,EQ001,CAT320 Excavator,Excavator,Diesel,Bearing Wear,Critical,Auckland,2.4,110.56,Technician attended CAT320 Excavator following a reported Bearing Wear. Replaced the worn bearing and lubricated the assembly. Equipment was tested before returning to service. No further action is required unless the issue returns.,maintmind_generator,maintmind_synthetic_v1,REP022,True,False,CC0-1.0,2026-07-21T00:00:00Z,1.0.0
REP023,2025-10-12,TECH003,Mike Brown,EQ004,Hydraulic Press A,Hydraulic System,Preventive Maintenance,Pressure Loss,Critical,Hamilton,2.7,1166.73,Pressure Loss was detected during maintenance of Hydraulic Press A. Replaced the faulty pressure valve. Operational checks were completed successfully. No further action is required unless the issue returns.,maintmind_generator,maintmind_synthetic_v1,REP023,True,False,CC0-1.0,2026-07-21T00:00:00Z,1.0.0
REP024,2025-06-10,TECH005,Emma Johnson,EQ001,CAT320 Excavator,Excavator,Hydraulic,Safety Concern,Low,Wellington,6.3,4278.33,Safety Concern was detected during maintenance of CAT320 Excavator. Isolated the equipment and corrected the identified hazard. Operational checks were completed successfully. Monitor the equipment during the next operating shift.,maintmind_generator,maintmind_synthetic_v1,REP024,True,False,CC0-1.0,2026-07-21T00:00:00Z,1.0.0
REP025,2025-11-01,TECH001,John Smith,EQ002,Komatsu D65,Bulldozer,Hydraulic,Overheating,Medium,Wellington,1.9,4462.41,Inspection of Komatsu D65 identified Overheating. Cleaned the cooling system and checked coolant levels. Schedule a follow-up inspection within two weeks.,maintmind_generator,maintmind_synthetic_v1,REP025,True,False,CC0-1.0,2026-07-21T00:00:00Z,1.0.0
REP026,2025-08-03,TECH005,Emma Johnson,EQ002,Komatsu D65,Bulldozer,Preventive Maintenance,Overheating,High,Tauranga,2.8,3609.34,Inspection of Komatsu D65 identified Overheating. Cleaned the cooling system and checked coolant levels. Inspect related components for similar wear.,maintmind_generator,maintmind_synthetic_v1,REP026,True,False,CC0-1.0,2026-07-21T00:00:00Z,1.0.0
REP027,2025-06-11,TECH003,Mike Brown,EQ002,Komatsu D65,Bulldozer,Hydraulic,Pressure Loss,Low,Wellington,7.6,2858.67,Technician attended Komatsu D65 following a reported Pressure Loss. Adjusted the pressure regulator and tested system pressure. Equipment was tested before returning to service. Review the issue during the next preventive maintenance service.,maintmind_generator,maintmind_synthetic_v1,REP027,True,False,CC0-1.0,2026-07-21T00:00:00Z,1.0.0
REP028,2025-03-09,TECH001,John Smith,EQ001,CAT320 Excavator,Excavator,Electrical,Overheating,Low,Hamilton,4.7,872.96,Technician attended CAT320 Excavator following a reported Overheating. Cleaned the cooling system and checked coolant levels. Equipment was tested before returning to service. Inspect related components for similar wear.,maintmind_generator,maintmind_synthetic_v1,REP028,True,False,CC0-1.0,2026-07-21T00:00:00Z,1.0.0
REP029,2025-12-08,TECH003,Mike Brown,EQ005,Generator G1,Generator,Fabrication,Overheating,High,Auckland,11.3,758.03,Inspection of Generator G1 identified Overheating. Cleared blocked ventilation and tested operating temperature. Inspect related components for similar wear.,maintmind_generator,maintmind_synthetic_v1,REP029,True,False,CC0-1.0,2026-07-21T00:00:00Z,1.0.0
REP030,2025-05-25,TECH001,John Smith,EQ001,CAT320 Excavator,Excavator,Fabrication,Safety Concern,Medium,Tauranga,2.8,3207.77,Technician attended CAT320 Excavator following a reported Safety Concern. Isolated the equipment and corrected the identified hazard. Equipment was tested before returning to service. Schedule a follow-up inspection within two weeks.,maintmind_generator,maintmind_synthetic_v1,REP030,True,False,CC0-1.0,2026-07-21T00:00:00Z,1.0.0
REP031,2025-11-21,TECH005,Emma Johnson,EQ003,Hitachi ZX200,Excavator,Inspection,Pressure Loss,High,Auckland,0.5,3878.48,Inspection of Hitachi ZX200 identified Pressure Loss. Replaced the faulty pressure valve. Monitor the equipment during the next operating shift.,maintmind_generator,maintmind_synthetic_v1,REP031,True,False,CC0-1.0,2026-07-21T00:00:00Z,1.0.0
REP032,2025-12-28,TECH003,Mike Brown,EQ006,Forklift F3,Forklift,Inspection,Bearing Wear,Low,Auckland,1.4,4427.22,Bearing Wear was detected during maintenance of Forklift F3. Removed the damaged bearing and installed a replacement. Operational checks were completed successfully. No further action is required unless the issue returns.,maintmind_generator,maintmind_synthetic_v1,REP032,True,False,CC0-1.0,2026-07-21T00:00:00Z,1.0.0
REP033,2025-03-17,TECH005,Emma Johnson,EQ002,Komatsu D65,Bulldozer,Inspection,Hydraulic Leak,Medium,Auckland,4.0,4505.01,Hydraulic Leak was detected during maintenance of Komatsu D65. Replaced the leaking seal and cleaned the affected area. Operational checks were completed successfully. Inspect related components for similar wear.,maintmind_generator,maintmind_synthetic_v1,REP033,True,False,CC0-1.0,2026-07-21T00:00:00Z,1.0.0
REP034,2025-02-22,TECH003,Mike Brown,EQ001,CAT320 Excavator,Excavator,Electrical,Bearing Wear,Critical,Hamilton,11.1,1260.01,Bearing Wear was detected during maintenance of CAT320 Excavator. Removed the damaged bearing and installed a replacement. Operational checks were completed successfully. Schedule a follow-up inspection within two weeks.,maintmind_generator,maintmind_synthetic_v1,REP034,True,False,CC0-1.0,2026-07-21T00:00:00Z,1.0.0
REP035,2025-06-20,TECH002,Sarah Wilson,EQ002,Komatsu D65,Bulldozer,Inspection,Pressure Loss,Medium,Tauranga,2.3,3536.26,Pressure Loss was detected during maintenance of Komatsu D65. Adjusted the pressure regulator and tested system pressure. Operational checks were completed successfully. Schedule a follow-up inspection within two weeks.,maintmind_generator,maintmind_synthetic_v1,REP035,True,False,CC0-1.0,2026-07-21T00:00:00Z,1.0.0
REP036,2025-06-29,TECH001,John Smith,EQ004,Hydraulic Press A,Hydraulic System,Electrical,Pressure Loss,Medium,Hamilton,0.8,1046.34,Technician attended Hydraulic Press A following a reported Pressure Loss. Adjusted the pressure regulator and tested system pressure. Equipment was tested before returning to service. Schedule a follow-up inspection within two weeks.,maintmind_generator,maintmind_synthetic_v1,REP036,True,False,CC0-1.0,2026-07-21T00:00:00Z,1.0.0
REP037,2025-09-18,TECH003,Mike Brown,EQ003,Hitachi ZX200,Excavator,Inspection,Hydraulic Leak,High,Auckland,1.8,4854.96,Hydraulic Leak was detected during maintenance of Hitachi ZX200. Replaced the leaking seal and cleaned the affected area. Operational checks were completed successfully. Review the issue during the next preventive maintenance service.,maintmind_generator,maintmind_synthetic_v1,REP037,True,False,CC0-1.0,2026-07-21T00:00:00Z,1.0.0
REP038,2025-08-11,TECH005,Emma Johnson,EQ002,Komatsu D65,Bulldozer,Electrical,Electrical Fault,High,Wellington,7.5,2605.97,Electrical Fault was detected during maintenance of Komatsu D65. Repaired damaged wiring and tested the electrical circuit. Operational checks were completed successfully. Monitor the equipment during the next operating shift.,maintmind_generator,maintmind_synthetic_v1,REP038,True,False,CC0-1.0,2026-07-21T00:00:00Z,1.0.0
REP039,2025-08-12,TECH005,Emma Johnson,EQ004,Hydraulic Press A,Hydraulic System,Hydraulic,Bearing Wear,Medium,Tauranga,5.5,4749.48,Bearing Wear was detected during maintenance of Hydraulic Press A. Adjusted the bearing alignment and tested rotation. Operational checks were completed successfully. Monitor the equipment during the next operating shift.,maintmind_generator,maintmind_synthetic_v1,REP039,True,False,CC0-1.0,2026-07-21T00:00:00Z,1.0.0
REP040,2025-06-03,TECH005,Emma Johnson,EQ003,Hitachi ZX200,Excavator,Fabrication,Electrical Fault,High,Wellington,4.3,3516.32,Electrical Fault was detected during maintenance of Hitachi ZX200. Cleaned the electrical connections and secured loose terminals. Operational checks were completed successfully. Monitor the equipment during the next operating shift.,maintmind_generator,maintmind_synthetic_v1,REP040,True,False,CC0-1.0,2026-07-21T00:00:00Z,1.0.0
REP041,2025-03-31,TECH002,Sarah Wilson,EQ005,Generator G1,Generator,Fabrication,Bearing Wear,High,Wellington,6.8,101.99,Bearing Wear was detected during maintenance of Generator G1. Adjusted the bearing alignment and tested rotation. Operational checks were completed successfully. No further action is required unless the issue returns.,maintmind_generator,maintmind_synthetic_v1,REP041,True,False,CC0-1.0,2026-07-21T00:00:00Z,1.0.0
REP042,2025-06-14,TECH002,Sarah Wilson,EQ003,Hitachi ZX200,Excavator,Inspection,Pressure Loss,Critical,Wellington,8.3,2604.75,Pressure Loss was detected during maintenance of Hitachi ZX200. Inspected the system for leaks and restored operating pressure. Operational checks were completed successfully. Inspect related components for similar wear.,maintmind_generator,maintmind_synthetic_v1,REP042,True,False,CC0-1.0,2026-07-21T00:00:00Z,1.0.0
REP043,2025-12-06,TECH002,Sarah Wilson,EQ006,Forklift F3,Forklift,Preventive Maintenance,Safety Concern,High,Auckland,9.9,3780.58,Safety Concern was detected during maintenance of Forklift F3. Secured the unsafe component and completed a safety inspection. Operational checks were completed successfully. Review the issue during the next preventive maintenance service.,maintmind_generator,maintmind_synthetic_v1,REP043,True,False,CC0-1.0,2026-07-21T00:00:00Z,1.0.0
REP044,2025-01-24,TECH003,Mike Brown,EQ006,Forklift F3,Forklift,Diesel,Bearing Wear,Critical,Auckland,5.7,4442.07,Inspection of Forklift F3 identified Bearing Wear. Replaced the worn bearing and lubricated the assembly. Schedule a follow-up inspection within two weeks.,maintmind_generator,maintmind_synthetic_v1,REP044,True,False,CC0-1.0,2026-07-21T00:00:00Z,1.0.0
REP045,2025-07-24,TECH002,Sarah Wilson,EQ005,Generator G1,Generator,Diesel,Safety Concern,Medium,Auckland,10.8,4316.16,Technician attended Generator G1 following a reported Safety Concern. Isolated the equipment and corrected the identified hazard. Equipment was tested before returning to service. No further action is required unless the issue returns.,maintmind_generator,maintmind_synthetic_v1,REP045,True,False,CC0-1.0,2026-07-21T00:00:00Z,1.0.0
REP046,2025-01-26,TECH004,David Taylor,EQ001,CAT320 Excavator,Excavator,Fabrication,Bearing Wear,Medium,Auckland,5.7,4026.94,Technician attended CAT320 Excavator following a reported Bearing Wear. Replaced the worn bearing and lubricated the assembly. Equipment was tested before returning to service. Inspect related components for similar wear.,maintmind_generator,maintmind_synthetic_v1,REP046,True,False,CC0-1.0,2026-07-21T00:00:00Z,1.0.0
REP047,2025-11-10,TECH005,Emma Johnson,EQ006,Forklift F3,Forklift,Preventive Maintenance,Overheating,Critical,Wellington,10.8,3743.91,Technician attended Forklift F3 following a reported Overheating. Cleared blocked ventilation and tested operating temperature. Equipment was tested before returning to service. Review the issue during the next preventive maintenance service.,maintmind_generator,maintmind_synthetic_v1,REP047,True,False,CC0-1.0,2026-07-21T00:00:00Z,1.0.0
REP048,2025-09-06,TECH004,David Taylor,EQ004,Hydraulic Press A,Hydraulic System,Preventive Maintenance,Electrical Fault,Medium,Tauranga,5.6,3596.37,Electrical Fault was detected during maintenance of Hydraulic Press A. Repaired damaged wiring and tested the electrical circuit. Operational checks were completed successfully. Review the issue during the next preventive maintenance service.,maintmind_generator,maintmind_synthetic_v1,REP048,True,False,CC0-1.0,2026-07-21T00:00:00Z,1.0.0
REP049,2025-03-12,TECH003,Mike Brown,EQ002,Komatsu D65,Bulldozer,Diesel,Electrical Fault,Medium,Wellington,8.5,3561.45,Inspection of Komatsu D65 identified Electrical Fault. Replaced the faulty relay and verified normal operation. Inspect related components for similar wear.,maintmind_generator,maintmind_synthetic_v1,REP049,True,False,CC0-1.0,2026-07-21T00:00:00Z,1.0.0
REP050,2025-08-01,TECH004,David Taylor,EQ001,CAT320 Excavator,Excavator,Hydraulic,Pressure Loss,Medium,Wellington,5.0,3872.0,Technician attended CAT320 Excavator following a reported Pressure Loss. Replaced the faulty pressure valve. Equipment was tested before returning to service. Inspect related components for similar wear.,maintmind_generator,maintmind_synthetic_v1,REP050,True,False,CC0-1.0,2026-07-21T00:00:00Z,1.0.0
REP051,2025-06-30,TECH001,John Smith,EQ006,Forklift F3,Forklift,Electrical,Overheating,Critical,Wellington,6.7,3699.71,Inspection of Forklift F3 identified Overheating. Replaced the damaged cooling fan. No further action is required unless the issue returns.,maintmind_generator,maintmind_synthetic_v1,REP051,True,False,CC0-1.0,2026-07-21T00:00:00Z,1.0.0
REP052,2025-09-06,TECH002,Sarah Wilson,EQ005,Generator G1,Generator,Hydraulic,Pressure Loss,Critical,Tauranga,8.2,4010.9,Technician attended Generator G1 following a reported Pressure Loss. Adjusted the pressure regulator and tested system pressure. Equipment was tested before returning to service. Review the issue during the next preventive maintenance service.,maintmind_generator,maintmind_synthetic_v1,REP052,True,False,CC0-1.0,2026-07-21T00:00:00Z,1.0.0
REP053,2025-01-14,TECH002,Sarah Wilson,EQ006,Forklift F3,Forklift,Inspection,Pressure Loss,Low,Auckland,7.9,764.93,Pressure Loss was detected during maintenance of Forklift F3. Adjusted the pressure regulator and tested system pressure. Operational checks were completed successfully. Inspect related components for similar wear.,maintmind_generator,maintmind_synthetic_v1,REP053,True,False,CC0-1.0,2026-07-21T00:00:00Z,1.0.0
REP054,2025-04-19,TECH002,Sarah Wilson,EQ004,Hydraulic Press A,Hydraulic System,Inspection,Hydraulic Leak,High,Tauranga,9.3,1957.72,Technician attended Hydraulic Press A following a reported Hydraulic Leak. Replaced the leaking seal and cleaned the affected area. Equipment was tested before returning to service. No further action is required unless the issue returns.,maintmind_generator,maintmind_synthetic_v1,REP054,True,False,CC0-1.0,2026-07-21T00:00:00Z,1.0.0
REP055,2025-10-04,TECH003,Mike Brown,EQ004,Hydraulic Press A,Hydraulic System,Hydraulic,Hydraulic Leak,High,Hamilton,8.0,3928.04,Hydraulic Leak was detected during maintenance of Hydraulic Press A. Replaced the leaking seal and cleaned the affected area. Operational checks were completed successfully. Monitor the equipment during the next operating shift.,maintmind_generator,maintmind_synthetic_v1,REP055,True,False,CC0-1.0,2026-07-21T00:00:00Z,1.0.0
REP056,2025-11-15,TECH001,John Smith,EQ006,Forklift F3,Forklift,Diesel,Hydraulic Leak,Medium,Hamilton,5.9,660.51,Inspection of Forklift F3 identified Hydraulic Leak. Replaced the damaged hydraulic hose and tightened the coupling. Schedule a follow-up inspection within two weeks.,maintmind_generator,maintmind_synthetic_v1,REP056,True,False,CC0-1.0,2026-07-21T00:00:00Z,1.0.0
REP057,2025-11-07,TECH004,David Taylor,EQ002,Komatsu D65,Bulldozer,Fabrication,Safety Concern,Low,Hamilton,11.6,629.68,Inspection of Komatsu D65 identified Safety Concern. Replaced the damaged safety guard. Review the issue during the next preventive maintenance service.,maintmind_generator,maintmind_synthetic_v1,REP057,True,False,CC0-1.0,2026-07-21T00:00:00Z,1.0.0
REP058,2025-04-12,TECH003,Mike Brown,EQ001,CAT320 Excavator,Excavator,Hydraulic,Overheating,Medium,Auckland,8.5,1577.76,Technician attended CAT320 Excavator following a reported Overheating. Cleared blocked ventilation and tested operating temperature. Equipment was tested before returning to service. No further action is required unless the issue returns.,maintmind_generator,maintmind_synthetic_v1,REP058,True,False,CC0-1.0,2026-07-21T00:00:00Z,1.0.0
REP059,2025-09-30,TECH005,Emma Johnson,EQ006,Forklift F3,Forklift,Inspection,Hydraulic Leak,High,Auckland,6.3,1772.03,Technician attended Forklift F3 following a reported Hydraulic Leak. Tightened loose fittings and completed a pressure test. Equipment was tested before returning to service. Monitor the equipment during the next operating shift.,maintmind_generator,maintmind_synthetic_v1,REP059,True,False,CC0-1.0,2026-07-21T00:00:00Z,1.0.0
REP060,2025-08-24,TECH004,David Taylor,EQ004,Hydraulic Press A,Hydraulic System,Preventive Maintenance,Hydraulic Leak,Medium,Wellington,2.5,2656.56,Hydraulic Leak was detected during maintenance of Hydraulic Press A. Replaced the leaking seal and cleaned the affected area. Operational checks were completed successfully. Review the issue during the next preventive maintenance service.,maintmind_generator,maintmind_synthetic_v1,REP060,True,False,CC0-1.0,2026-07-21T00:00:00Z,1.0.0
REP061,2025-08-12,TECH003,Mike Brown,EQ006,Forklift F3,Forklift,Preventive Maintenance,Overheating,High,Tauranga,10.3,4170.58,Technician attended Forklift F3 following a reported Overheating. Cleared blocked ventilation and tested operating temperature. Equipment was tested before returning to service. No further action is required unless the issue returns.,maintmind_generator,maintmind_synthetic_v1,REP061,True,False,CC0-1.0,2026-07-21T00:00:00Z,1.0.0
REP062,2025-11-09,TECH003,Mike Brown,EQ001,CAT320 Excavator,Excavator,Preventive Maintenance,Pressure Loss,Critical,Tauranga,0.8,4269.67,Pressure Loss was detected during maintenance of CAT320 Excavator. Adjusted the pressure regulator and tested system pressure. Operational checks were completed successfully. No further action is required unless the issue returns.,maintmind_generator,maintmind_synthetic_v1,REP062,True,False,CC0-1.0,2026-07-21T00:00:00Z,1.0.0
REP063,2025-05-24,TECH004,David Taylor,EQ002,Komatsu D65,Bulldozer,Fabrication,Bearing Wear,High,Auckland,6.4,1036.18,Technician attended Komatsu D65 following a reported Bearing Wear. Adjusted the bearing alignment and tested rotation. Equipment was tested before returning to service. Review the issue during the next preventive maintenance service.,maintmind_generator,maintmind_synthetic_v1,REP063,True,False,CC0-1.0,2026-07-21T00:00:00Z,1.0.0
REP064,2025-09-01,TECH004,David Taylor,EQ002,Komatsu D65,Bulldozer,Preventive Maintenance,Pressure Loss,Critical,Wellington,9.6,555.96,Pressure Loss was detected during maintenance of Komatsu D65. Inspected the system for leaks and restored operating pressure. Operational checks were completed successfully. Schedule a follow-up inspection within two weeks.,maintmind_generator,maintmind_synthetic_v1,REP064,True,False,CC0-1.0,2026-07-21T00:00:00Z,1.0.0
REP065,2025-10-25,TECH004,David Taylor,EQ002,Komatsu D65,Bulldozer,Electrical,Safety Concern,Critical,Tauranga,5.4,3755.08,Safety Concern was detected during maintenance of Komatsu D65. Secured the unsafe component and completed a safety inspection. Operational checks were completed successfully. Review the issue during the next preventive maintenance service.,maintmind_generator,maintmind_synthetic_v1,REP065,True,False,CC0-1.0,2026-07-21T00:00:00Z,1.0.0
REP066,2025-05-09,TECH003,Mike Brown,EQ003,Hitachi ZX200,Excavator,Diesel,Safety Concern,Low,Hamilton,4.1,3740.12,Technician attended Hitachi ZX200 following a reported Safety Concern. Replaced the damaged safety guard. Equipment was tested before returning to service. Review the issue during the next preventive maintenance service.,maintmind_generator,maintmind_synthetic_v1,REP066,True,False,CC0-1.0,2026-07-21T00:00:00Z,1.0.0
REP067,2025-10-29,TECH002,Sarah Wilson,EQ006,Forklift F3,Forklift,Fabrication,Bearing Wear,High,Auckland,10.1,1551.61,Technician attended Forklift F3 following a reported Bearing Wear. Replaced the worn bearing and lubricated the assembly. Equipment was tested before returning to service. No further action is required unless the issue returns.,maintmind_generator,maintmind_synthetic_v1,REP067,True,False,CC0-1.0,2026-07-21T00:00:00Z,1.0.0
REP068,2025-05-21,TECH002,Sarah Wilson,EQ003,Hitachi ZX200,Excavator,Hydraulic,Electrical Fault,Low,Tauranga,8.5,718.77,Inspection of Hitachi ZX200 identified Electrical Fault. Repaired damaged wiring and tested the electrical circuit. Inspect related components for similar wear.,maintmind_generator,maintmind_synthetic_v1,REP068,True,False,CC0-1.0,2026-07-21T00:00:00Z,1.0.0
REP069,2025-09-03,TECH001,John Smith,EQ004,Hydraulic Press A,Hydraulic System,Inspection,Hydraulic Leak,High,Hamilton,11.6,1337.14,Technician attended Hydraulic Press A following a reported Hydraulic Leak. Tightened loose fittings and completed a pressure test. Equipment was tested before returning to service. Review the issue during the next preventive maintenance service.,maintmind_generator,maintmind_synthetic_v1,REP069,True,False,CC0-1.0,2026-07-21T00:00:00Z,1.0.0
REP070,2025-10-23,TECH001,John Smith,EQ004,Hydraulic Press A,Hydraulic System,Preventive Maintenance,Hydraulic Leak,Low,Hamilton,2.2,2857.91,Inspection of Hydraulic Press A identified Hydraulic Leak. Replaced the leaking seal and cleaned the affected area. No further action is required unless the issue returns.,maintmind_generator,maintmind_synthetic_v1,REP070,True,False,CC0-1.0,2026-07-21T00:00:00Z,1.0.0
REP071,2025-11-07,TECH001,John Smith,EQ003,Hitachi ZX200,Excavator,Fabrication,Bearing Wear,Medium,Wellington,5.7,2269.33,Technician attended Hitachi ZX200 following a reported Bearing Wear. Replaced the worn bearing and lubricated the assembly. Equipment was tested before returning to service. Inspect related components for similar wear.,maintmind_generator,maintmind_synthetic_v1,REP071,True,False,CC0-1.0,2026-07-21T00:00:00Z,1.0.0
REP072,2025-11-09,TECH004,David Taylor,EQ005,Generator G1,Generator,Preventive Maintenance,Electrical Fault,Low,Hamilton,7.7,1396.77,Inspection of Generator G1 identified Electrical Fault. Cleaned the electrical connections and secured loose terminals. Inspect related components for similar wear.,maintmind_generator,maintmind_synthetic_v1,REP072,True,False,CC0-1.0,2026-07-21T00:00:00Z,1.0.0
REP073,2025-03-22,TECH002,Sarah Wilson,EQ001,CAT320 Excavator,Excavator,Hydraulic,Bearing Wear,Critical,Wellington,8.4,2402.57,Inspection of CAT320 Excavator identified Bearing Wear. Replaced the worn bearing and lubricated the assembly. Inspect related components for similar wear.,maintmind_generator,maintmind_synthetic_v1,REP073,True,False,CC0-1.0,2026-07-21T00:00:00Z,1.0.0
REP074,2025-08-21,TECH002,Sarah Wilson,EQ001,CAT320 Excavator,Excavator,Hydraulic,Electrical Fault,Medium,Tauranga,9.6,3162.78,Electrical Fault was detected during maintenance of CAT320 Excavator. Cleaned the electrical connections and secured loose terminals. Operational checks were completed successfully. Review the issue during the next preventive maintenance service.,maintmind_generator,maintmind_synthetic_v1,REP074,True,False,CC0-1.0,2026-07-21T00:00:00Z,1.0.0
REP075,2025-11-28,TECH002,Sarah Wilson,EQ006,Forklift F3,Forklift,Diesel,Pressure Loss,High,Hamilton,1.3,913.02,Inspection of Forklift F3 identified Pressure Loss. Adjusted the pressure regulator and tested system pressure. Inspect related components for similar wear.,maintmind_generator,maintmind_synthetic_v1,REP075,True,False,CC0-1.0,2026-07-21T00:00:00Z,1.0.0
REP076,2025-03-05,TECH005,Emma Johnson,EQ003,Hitachi ZX200,Excavator,Inspection,Safety Concern,High,Wellington,11.3,2552.31,Technician attended Hitachi ZX200 following a reported Safety Concern. Isolated the equipment and corrected the identified hazard. Equipment was tested before returning to service. Review the issue during the next preventive maintenance service.,maintmind_generator,maintmind_synthetic_v1,REP076,True,False,CC0-1.0,2026-07-21T00:00:00Z,1.0.0
REP077,2025-06-15,TECH004,David Taylor,EQ004,Hydraulic Press A,Hydraulic System,Fabrication,Hydraulic Leak,High,Auckland,1.6,4813.36,Technician attended Hydraulic Press A following a reported Hydraulic Leak. Tightened loose fittings and completed a pressure test. Equipment was tested before returning to service. Monitor the equipment during the next operating shift.,maintmind_generator,maintmind_synthetic_v1,REP077,True,False,CC0-1.0,2026-07-21T00:00:00Z,1.0.0
REP078,2025-01-21,TECH005,Emma Johnson,EQ005,Generator G1,Generator,Diesel,Hydraulic Leak,Critical,Wellington,11.0,989.3,Hydraulic Leak was detected during maintenance of Generator G1. Tightened loose fittings and completed a pressure test. Operational checks were completed successfully. Review the issue during the next preventive maintenance service.,maintmind_generator,maintmind_synthetic_v1,REP078,True,False,CC0-1.0,2026-07-21T00:00:00Z,1.0.0
REP079,2025-06-28,TECH004,David Taylor,EQ005,Generator G1,Generator,Inspection,Safety Concern,High,Tauranga,8.2,4302.89,Technician attended Generator G1 following a reported Safety Concern. Replaced the damaged safety guard. Equipment was tested before returning to service. Monitor the equipment during the next operating shift.,maintmind_generator,maintmind_synthetic_v1,REP079,True,False,CC0-1.0,2026-07-21T00:00:00Z,1.0.0
REP080,2025-07-25,TECH004,David Taylor,EQ003,Hitachi ZX200,Excavator,Fabrication,Safety Concern,Low,Wellington,1.5,1336.75,Safety Concern was detected during maintenance of Hitachi ZX200. Replaced the damaged safety guard. Operational checks were completed successfully. Review the issue during the next preventive maintenance service.,maintmind_generator,maintmind_synthetic_v1,REP080,True,False,CC0-1.0,2026-07-21T00:00:00Z,1.0.0
REP081,2025-07-31,TECH004,David Taylor,EQ001,CAT320 Excavator,Excavator,Hydraulic,Overheating,Medium,Tauranga,7.7,2542.62,Technician attended CAT320 Excavator following a reported Overheating. Cleaned the cooling system and checked coolant levels. Equipment was tested before returning to service. Inspect related components for similar wear.,maintmind_generator,maintmind_synthetic_v1,REP081,True,False,CC0-1.0,2026-07-21T00:00:00Z,1.0.0
REP082,2025-05-28,TECH001,John Smith,EQ004,Hydraulic Press A,Hydraulic System,Inspection,Bearing Wear,Critical,Auckland,0.8,3187.11,Inspection of Hydraulic Press A identified Bearing Wear. Adjusted the bearing alignment and tested rotation. Inspect related components for similar wear.,maintmind_generator,maintmind_synthetic_v1,REP082,True,False,CC0-1.0,2026-07-21T00:00:00Z,1.0.0
REP083,2025-07-28,TECH002,Sarah Wilson,EQ002,Komatsu D65,Bulldozer,Hydraulic,Electrical Fault,Medium,Auckland,5.8,675.58,Electrical Fault was detected during maintenance of Komatsu D65. Cleaned the electrical connections and secured loose terminals. Operational checks were completed successfully. Monitor the equipment during the next operating shift.,maintmind_generator,maintmind_synthetic_v1,REP083,True,False,CC0-1.0,2026-07-21T00:00:00Z,1.0.0
REP084,2025-05-20,TECH004,David Taylor,EQ002,Komatsu D65,Bulldozer,Inspection,Safety Concern,Critical,Wellington,3.3,2801.2,Safety Concern was detected during maintenance of Komatsu D65. Replaced the damaged safety guard. Operational checks were completed successfully. Inspect related components for similar wear.,maintmind_generator,maintmind_synthetic_v1,REP084,True,False,CC0-1.0,2026-07-21T00:00:00Z,1.0.0
REP085,2025-05-22,TECH002,Sarah Wilson,EQ004,Hydraulic Press A,Hydraulic System,Inspection,Overheating,High,Tauranga,9.9,1485.91,Inspection of Hydraulic Press A identified Overheating. Cleared blocked ventilation and tested operating temperature. Schedule a follow-up inspection within two weeks.,maintmind_generator,maintmind_synthetic_v1,REP085,True,False,CC0-1.0,2026-07-21T00:00:00Z,1.0.0
REP086,2025-08-17,TECH005,Emma Johnson,EQ003,Hitachi ZX200,Excavator,Fabrication,Overheating,Critical,Tauranga,4.3,3838.08,Inspection of Hitachi ZX200 identified Overheating. Cleared blocked ventilation and tested operating temperature. No further action is required unless the issue returns.,maintmind_generator,maintmind_synthetic_v1,REP086,True,False,CC0-1.0,2026-07-21T00:00:00Z,1.0.0
REP087,2025-07-16,TECH004,David Taylor,EQ004,Hydraulic Press A,Hydraulic System,Diesel,Electrical Fault,Critical,Auckland,4.2,2417.58,Electrical Fault was detected during maintenance of Hydraulic Press A. Repaired damaged wiring and tested the electrical circuit. Operational checks were completed successfully. Schedule a follow-up inspection within two weeks.,maintmind_generator,maintmind_synthetic_v1,REP087,True,False,CC0-1.0,2026-07-21T00:00:00Z,1.0.0
REP088,2025-01-19,TECH004,David Taylor,EQ004,Hydraulic Press A,Hydraulic System,Diesel,Safety Concern,High,Auckland,10.6,2257.5,Technician attended Hydraulic Press A following a reported Safety Concern. Isolated the equipment and corrected the identified hazard. Equipment was tested before returning to service. Schedule a follow-up inspection within two weeks.,maintmind_generator,maintmind_synthetic_v1,REP088,True,False,CC0-1.0,2026-07-21T00:00:00Z,1.0.0
REP089,2025-12-02,TECH004,David Taylor,EQ005,Generator G1,Generator,Diesel,Hydraulic Leak,Low,Wellington,9.5,1398.61,Technician attended Generator G1 following a reported Hydraulic Leak. Tightened loose fittings and completed a pressure test. Equipment was tested before returning to service. Schedule a follow-up inspection within two weeks.,maintmind_generator,maintmind_synthetic_v1,REP089,True,False,CC0-1.0,2026-07-21T00:00:00Z,1.0.0
REP090,2025-10-01,TECH004,David Taylor,EQ005,Generator G1,Generator,Inspection,Safety Concern,High,Wellington,10.5,275.91,Safety Concern was detected during maintenance of Generator G1. Secured the unsafe component and completed a safety inspection. Operational checks were completed successfully. Review the issue during the next preventive maintenance service.,maintmind_generator,maintmind_synthetic_v1,REP090,True,False,CC0-1.0,2026-07-21T00:00:00Z,1.0.0
REP091,2025-02-16,TECH002,Sarah Wilson,EQ001,CAT320 Excavator,Excavator,Inspection,Safety Concern,Low,Auckland,5.6,3500.61,Inspection of CAT320 Excavator identified Safety Concern. Isolated the equipment and corrected the identified hazard. Review the issue during the next preventive maintenance service.,maintmind_generator,maintmind_synthetic_v1,REP091,True,False,CC0-1.0,2026-07-21T00:00:00Z,1.0.0
REP092,2025-07-11,TECH001,John Smith,EQ001,CAT320 Excavator,Excavator,Inspection,Electrical Fault,Medium,Hamilton,6.6,2873.05,Technician attended CAT320 Excavator following a reported Electrical Fault. Repaired damaged wiring and tested the electrical circuit. Equipment was tested before returning to service. Review the issue during the next preventive maintenance service.,maintmind_generator,maintmind_synthetic_v1,REP092,True,False,CC0-1.0,2026-07-21T00:00:00Z,1.0.0
REP093,2025-11-14,TECH002,Sarah Wilson,EQ002,Komatsu D65,Bulldozer,Preventive Maintenance,Bearing Wear,Medium,Wellington,11.0,801.28,Technician attended Komatsu D65 following a reported Bearing Wear. Replaced the worn bearing and lubricated the assembly. Equipment was tested before returning to service. Inspect related components for similar wear.,maintmind_generator,maintmind_synthetic_v1,REP093,True,False,CC0-1.0,2026-07-21T00:00:00Z,1.0.0
REP094,2025-05-28,TECH003,Mike Brown,EQ004,Hydraulic Press A,Hydraulic System,Preventive Maintenance,Pressure Loss,Medium,Auckland,5.6,1793.27,Technician attended Hydraulic Press A following a reported Pressure Loss. Replaced the faulty pressure valve. Equipment was tested before returning to service. Monitor the equipment during the next operating shift.,maintmind_generator,maintmind_synthetic_v1,REP094,True,False,CC0-1.0,2026-07-21T00:00:00Z,1.0.0
REP095,2025-06-04,TECH003,Mike Brown,EQ005,Generator G1,Generator,Diesel,Safety Concern,Critical,Wellington,1.7,1968.69,Technician attended Generator G1 following a reported Safety Concern. Replaced the damaged safety guard. Equipment was tested before returning to service. Review the issue during the next preventive maintenance service.,maintmind_generator,maintmind_synthetic_v1,REP095,True,False,CC0-1.0,2026-07-21T00:00:00Z,1.0.0
REP096,2025-12-04,TECH005,Emma Johnson,EQ003,Hitachi ZX200,Excavator,Inspection,Electrical Fault,High,Auckland,7.0,3460.42,Inspection of Hitachi ZX200 identified Electrical Fault. Cleaned the electrical connections and secured loose terminals. Review the issue during the next preventive maintenance service.,maintmind_generator,maintmind_synthetic_v1,REP096,True,False,CC0-1.0,2026-07-21T00:00:00Z,1.0.0
REP097,2025-04-28,TECH001,John Smith,EQ006,Forklift F3,Forklift,Fabrication,Overheating,High,Hamilton,7.8,3142.37,Technician attended Forklift F3 following a reported Overheating. Cleared blocked ventilation and tested operating temperature. Equipment was tested before returning to service. No further action is required unless the issue returns.,maintmind_generator,maintmind_synthetic_v1,REP097,True,False,CC0-1.0,2026-07-21T00:00:00Z,1.0.0
REP098,2025-08-14,TECH002,Sarah Wilson,EQ006,Forklift F3,Forklift,Hydraulic,Safety Concern,High,Hamilton,1.5,1546.04,Technician attended Forklift F3 following a reported Safety Concern. Secured the unsafe component and completed a safety inspection. Equipment was tested before returning to service. Monitor the equipment during the next operating shift.,maintmind_generator,maintmind_synthetic_v1,REP098,True,False,CC0-1.0,2026-07-21T00:00:00Z,1.0.0
REP099,2025-07-07,TECH004,David Taylor,EQ006,Forklift F3,Forklift,Fabrication,Bearing Wear,High,Hamilton,3.5,4140.98,Bearing Wear was detected during maintenance of Forklift F3. Replaced the worn bearing and lubricated the assembly. Operational checks were completed successfully. Schedule a follow-up inspection within two weeks.,maintmind_generator,maintmind_synthetic_v1,REP099,True,False,CC0-1.0,2026-07-21T00:00:00Z,1.0.0
REP100,2025-02-08,TECH003,Mike Brown,EQ004,Hydraulic Press A,Hydraulic System,Diesel,Safety Concern,Medium,Wellington,11.6,4042.48,Technician attended Hydraulic Press A following a reported Safety Concern. Replaced the damaged safety guard. Equipment was tested before returning to service. Monitor the equipment during the next operating shift.,maintmind_generator,maintmind_synthetic_v1,REP100,True,False,CC0-1.0,2026-07-21T00:00:00Z,1.0.0
